metric,value
MAP@10,0.012481785063752276
NDCG@10,0.01943045329253413
